Name,Category
James,Family
Robert,Family
John,Family
Michael,Family
David,Family
William,Family
Richard,Family
Joseph,Family
Thomas,Family
Christopher,Family
Charles,Family
Daniel,Family
Matthew,Family
Anthony,Family
Mark,Family
Donald,Family
Steven,Family
Andrew,Family
Paul,Family
Joshua,Family
Kenneth,Family
Kevin,Family
Brian,Family
George,Family
Timothy,Family
Ronald,Family
Jason,Family
Edward,Family
Jeffrey,Family
Ryan,Work
Jacob,Work
Gary,Work
Nicholas,Work
Eric,Work
Jonathan,Work
Stephen,Work
Larry,Work
Justin,Work
Scott,Work
Brandon,Work
Benjamin,Work
Samuel,Work
Gregory,Work
Alexander,Work
Patrick,Work
Frank,Work
Raymond,Work
Jack,Work
Dennis,Work
Jerry,Work
Tyler,Work
Aaron,Work
Jose,Work
Adam,Work
Nathan,Work
Henry,Work
Zachary,Work
Douglas,Work
Peter,Friends
Kyle,Friends
Noah,Friends
Ethan,Friends
Jeremy,Friends
Walter,Friends
Christian,Friends
Keith,Friends
Roger,Friends
Terry,Friends
Austin,Friends
Sean,Friends
Gerald,Friends
Carl,Friends
Harold,Friends
Dylan,Friends
Arthur,Friends
Lawrence,Friends
Jordan,Friends
Jesse,Friends
Bryan,Friends
Billy,Friends
Bruce,Friends
Gabriel,Friends
Joe,Friends
Logan,Friends
Alan,Friends
Juan,Friends
Albert,Friends
Willie,Friends
Elijah,
Wayne,
Randy,
Vincent,
Mason,
Roy,
Ralph,
Bobby,
Russell,
Bradley,
Philip,
Eugene,
Mary,Family
Patricia,Family
Jennifer,Family
Linda,Family
Elizabeth,Family
Barbara,Family
Susan,Family
Jessica,Family
Sarah,Family
Karen,Family
Lisa,Family
Nancy,Family
Betty,Family
Sandra,Family
Margaret,Family
Ashley,Family
Kimberly,Family
Emily,Family
Donna,Family
Michelle,Family
Carol,Family
Amanda,Family
Melissa,Family
Deborah,Family
Stephanie,Family
Dorothy,Family
Rebecca,Family
Sharon,Family
Laura,Family
Cynthia,Work
Amy,Work
Kathleen,Work
Angela,Work
Shirley,Work
Brenda,Work
Emma,Work
Anna,Work
Pamela,Work
Nicole,Work
Samantha,Work
Katherine,Work
Christine,Work
Helen,Work
Debra,Work
Rachel,Work
Carolyn,Work
Janet,Work
Maria,Work
Catherine,Work
Heather,Work
Diane,Work
Olivia,Work
Julie,Work
Joyce,Work
Victoria,Work
Ruth,Work
Virginia,Work
Lauren,Work
Kelly,Friends
Christina,Friends
Joan,Friends
Evelyn,Friends
Judith,Friends
Andrea,Friends
Hannah,Friends
Megan,Friends
Cheryl,Friends
Jacqueline,Friends
Martha,Friends
Madison,Friends
Teresa,Friends
Gloria,Friends
Sara,Friends
Janice,Friends
Ann,Friends
Kathryn,Friends
Abigail,Friends
Sophia,Friends
Frances,Friends
Jean,Friends
Alice,Friends
Judy,Friends
Isabella,Friends
Julia,Friends
Grace,Friends
Amber,Friends
Denise,Friends
Danielle,Friends
Marilyn,
Beverly,
Charlotte,
Natalie,
Theresa,
Diana,
Brittany,
Doris,
Kayla,
Alexis,
Lori,
Marie,
