Name,Email
James,test1@csharpacademy.com
Robert,test2@csharpacademy.com
John,test3@csharpacademy.com
Michael,test4@csharpacademy.com
David,test5@csharpacademy.com
William,test6@csharpacademy.com
Richard,test7@csharpacademy.com
Joseph,test8@csharpacademy.com
Thomas,test9@csharpacademy.com
Christopher,test10@csharpacademy.com
Charles,test11@csharpacademy.com
Daniel,test12@csharpacademy.com
Matthew,test13@csharpacademy.com
Anthony,test14@csharpacademy.com
Mark,test15@csharpacademy.com
Donald,test16@csharpacademy.com
Steven,test17@csharpacademy.com
Andrew,test18@csharpacademy.com
Paul,test19@csharpacademy.com
Joshua,test20@csharpacademy.com
Kenneth,test21@csharpacademy.com
Kevin,test22@csharpacademy.com
Brian,test23@csharpacademy.com
George,test24@csharpacademy.com
Timothy,test25@csharpacademy.com
Ronald,test26@csharpacademy.com
Jason,test27@csharpacademy.com
Edward,test28@csharpacademy.com
Jeffrey,test29@csharpacademy.com
Ryan,test30@csharpacademy.com
Jacob,test31@csharpacademy.com
Gary,test32@csharpacademy.com
Nicholas,test33@csharpacademy.com
Eric,test34@csharpacademy.com
Jonathan,test35@csharpacademy.com
Stephen,test36@csharpacademy.com
Larry,test37@csharpacademy.com
Justin,test38@csharpacademy.com
Scott,test39@csharpacademy.com
Brandon,test40@csharpacademy.com
Benjamin,test41@csharpacademy.com
Samuel,test42@csharpacademy.com
Gregory,test43@csharpacademy.com
Alexander,test44@csharpacademy.com
Patrick,test45@csharpacademy.com
Frank,test46@csharpacademy.com
Raymond,test47@csharpacademy.com
Jack,test48@csharpacademy.com
Dennis,test49@csharpacademy.com
Jerry,test50@csharpacademy.com
Tyler,test51@csharpacademy.com
Aaron,test52@csharpacademy.com
Jose,test53@csharpacademy.com
Adam,test54@csharpacademy.com
Nathan,test55@csharpacademy.com
Henry,test56@csharpacademy.com
Zachary,test57@csharpacademy.com
Douglas,test58@csharpacademy.com
Peter,test59@csharpacademy.com
Kyle,test60@csharpacademy.com
Noah,test61@csharpacademy.com
Ethan,test62@csharpacademy.com
Jeremy,test63@csharpacademy.com
Walter,test64@csharpacademy.com
Christian,test65@csharpacademy.com
Keith,test66@csharpacademy.com
Roger,test67@csharpacademy.com
Terry,test68@csharpacademy.com
Austin,test69@csharpacademy.com
Sean,test70@csharpacademy.com
Gerald,test71@csharpacademy.com
Carl,test72@csharpacademy.com
Harold,test73@csharpacademy.com
Dylan,test74@csharpacademy.com
Arthur,test75@csharpacademy.com
Lawrence,test76@csharpacademy.com
Jordan,test77@csharpacademy.com
Jesse,test78@csharpacademy.com
Bryan,test79@csharpacademy.com
Billy,test80@csharpacademy.com
Bruce,test81@csharpacademy.com
Gabriel,test82@csharpacademy.com
Joe,test83@csharpacademy.com
Logan,test84@csharpacademy.com
Alan,test85@csharpacademy.com
Juan,test86@csharpacademy.com
Albert,test87@csharpacademy.com
Willie,test88@csharpacademy.com
Elijah,test89@csharpacademy.com
Wayne,test90@csharpacademy.com
Randy,test91@csharpacademy.com
Vincent,test92@csharpacademy.com
Mason,test93@csharpacademy.com
Roy,test94@csharpacademy.com
Ralph,test95@csharpacademy.com
Bobby,test96@csharpacademy.com
Russell,test97@csharpacademy.com
Bradley,test98@csharpacademy.com
Philip,test99@csharpacademy.com
Eugene,test100@csharpacademy.com
Mary,test101@csharpacademy.com
Patricia,test102@csharpacademy.com
Jennifer,test103@csharpacademy.com
Linda,test104@csharpacademy.com
Elizabeth,test105@csharpacademy.com
Barbara,test106@csharpacademy.com
Susan,test107@csharpacademy.com
Jessica,test108@csharpacademy.com
Sarah,test109@csharpacademy.com
Karen,test110@csharpacademy.com
Lisa,test111@csharpacademy.com
Nancy,test112@csharpacademy.com
Betty,test113@csharpacademy.com
Sandra,test114@csharpacademy.com
Margaret,test115@csharpacademy.com
Ashley,test116@csharpacademy.com
Kimberly,test117@csharpacademy.com
Emily,test118@csharpacademy.com
Donna,test119@csharpacademy.com
Michelle,test120@csharpacademy.com
Carol,test121@csharpacademy.com
Amanda,test122@csharpacademy.com
Melissa,test123@csharpacademy.com
Deborah,test124@csharpacademy.com
Stephanie,test125@csharpacademy.com
Dorothy,test126@csharpacademy.com
Rebecca,test127@csharpacademy.com
Sharon,test128@csharpacademy.com
Laura,test129@csharpacademy.com
Cynthia,test130@csharpacademy.com
Amy,test131@csharpacademy.com
Kathleen,test132@csharpacademy.com
Angela,test133@csharpacademy.com
Shirley,test134@csharpacademy.com
Brenda,test135@csharpacademy.com
Emma,test136@csharpacademy.com
Anna,test137@csharpacademy.com
Pamela,test138@csharpacademy.com
Nicole,test139@csharpacademy.com
Samantha,test140@csharpacademy.com
Katherine,test141@csharpacademy.com
Christine,test142@csharpacademy.com
Helen,test143@csharpacademy.com
Debra,test144@csharpacademy.com
Rachel,test145@csharpacademy.com
Carolyn,test146@csharpacademy.com
Janet,test147@csharpacademy.com
Maria,test148@csharpacademy.com
Catherine,test149@csharpacademy.com
Heather,test150@csharpacademy.com
Diane,test151@csharpacademy.com
Olivia,test152@csharpacademy.com
Julie,test153@csharpacademy.com
Joyce,test154@csharpacademy.com
Victoria,test155@csharpacademy.com
Ruth,test156@csharpacademy.com
Virginia,test157@csharpacademy.com
Lauren,test158@csharpacademy.com
Kelly,test159@csharpacademy.com
Christina,test160@csharpacademy.com
Joan,test161@csharpacademy.com
Evelyn,test162@csharpacademy.com
Judith,test163@csharpacademy.com
Andrea,test164@csharpacademy.com
Hannah,test165@csharpacademy.com
Megan,test166@csharpacademy.com
Cheryl,test167@csharpacademy.com
Jacqueline,test168@csharpacademy.com
Martha,test169@csharpacademy.com
Madison,test170@csharpacademy.com
Teresa,test171@csharpacademy.com
Gloria,test172@csharpacademy.com
Sara,test173@csharpacademy.com
Janice,test174@csharpacademy.com
Ann,test175@csharpacademy.com
Kathryn,test176@csharpacademy.com
Abigail,test177@csharpacademy.com
Sophia,test178@csharpacademy.com
Frances,test179@csharpacademy.com
Jean,test180@csharpacademy.com
Alice,test181@csharpacademy.com
Judy,test182@csharpacademy.com
Isabella,test183@csharpacademy.com
Julia,test184@csharpacademy.com
Grace,test185@csharpacademy.com
Amber,test186@csharpacademy.com
Denise,test187@csharpacademy.com
Danielle,test188@csharpacademy.com
Marilyn,test189@csharpacademy.com
Beverly,test190@csharpacademy.com
Charlotte,test191@csharpacademy.com
Natalie,test192@csharpacademy.com
Theresa,test193@csharpacademy.com
Diana,test194@csharpacademy.com
Brittany,test195@csharpacademy.com
Doris,test196@csharpacademy.com
Kayla,test197@csharpacademy.com
Alexis,test198@csharpacademy.com
Lori,test199@csharpacademy.com
Marie,test200@csharpacademy.com
